|1|ᏥᎣᎵ|My mouth.|Jiɂő:li|mp3/0002-Chapter_1_1.1_1.1.2-000000355.mp3
|1|ᎠᎰᎵ|His or her mouth.|Ahő:li|mp3/0504-Chapter_5_5.5_5.5.18-000000000.mp3
|1|ᎣᏏᏲ|Hello|O:síyo|mp3/0144-Chapter_3_3.2_3.2.1-000000435.mp3
|1|ᏏᏲ|Hi|Síyo|mp3/0222-Chapter_3_3.6_3.6.1-000003265.mp3
|1|ᏥᎪᎵᏰᎠ|I am reading it.|Jigo:lǐ:yéɂa|mp3/0008-Chapter_1_1.1_Set_A_01_I_am_reading-000000315.mp3
|1|ᎯᎪᎵᏰᎠ|You are reading it.|Higo:lǐ:yéɂa|mp3/0009-Chapter_1_1.1_Set_A_02_You_are_reading-000000405.mp3
|1|ᎠᏂᎪᎵᏰᎠ|They are reading it.|À:nigo:lǐ:yéɂa|mp3/0095-Chapter_2_2.4_2.4.3-000000000.mp3
|1|ᎠᎪᎵᏰᎠ|He or she is reading it.|Ago:lǐ:yéɂa|mp3/0555-Chapter_5_5.7_5.7.17-000000000.mp3
|1|ᏍᏗᎪᎵᏰᎠ|You two are reading it.|Sdigo:lǐ:yéɂa|mp3/0014-Chapter_1_1.1_Set_A_07_You_two_are_reading-000000765.mp3
|1|ᎢᏗᎪᎵᏰᎠ|All of us are reading it.|Ì:digo:lǐ:yéɂa|mp3/0015-Chapter_1_1.1_Set_A_08_All_of_us_are_reading-000000545.mp3
|1|ᎣᏥᎪᎵᏰᎠ|They and I are reading it.|Ò:jigo:lǐ:yéɂa|mp3/0016-Chapter_1_1.1_Set_A_09_They_and_I_are_reading-000000415.mp3
|1|ᎦᏕᏛᏍᎦ|I am diving.|Gade:tv́sga|mp3/0018-Chapter_1_1.1_Set_A_11_I_am_diving-000000000.mp3
|1|ᎭᏕᏛᏍᎦ|You are diving.|Hade:tv́sga|mp3/0019-Chapter_1_1.1_Set_A_12_You_are_diving-000000715.mp3
|1|ᎠᏕᏛᏍᎦ|He or she is diving.|Ade:tv́sga|mp3/0020-Chapter_1_1.1_Set_A_13_He-She_is_diving-000000515.mp3
|1|ᎢᎾᏕᏛᏍᎦ|You and I are diving.|Ì:nade:tv́sga|mp3/0022-Chapter_1_1.1_Set_A_15_You_and_I_are_diving-000000000.mp3
|1|ᎣᏍᏓᏕᏛᏍᎦ|He and I or she and I are diving.|Ò:sdade:tv́sga|mp3/0023-Chapter_1_1.1_Set_A_16_He-She_and_I_are_diving-000000000.mp3
|1|ᎢᏓᏕᏛᏍᎦ|All of us are diving.|Ì:dade:tv́sga|mp3/0025-Chapter_1_1.1_Set_A_18_All_of_us_are_diving-000000165.mp3
|1|ᎣᏣᏕᏛᏍᎦ|They and I are diving.|Ò:jade:tv́sga|mp3/0026-Chapter_1_1.1_Set_A_19_They_and_I_are_diving-000000205.mp3
|1|ᎢᏣᏕᏛᏍᎦ|You all are diving.|Ì:jade:tv́sga|mp3/0027-Chapter_1_1.1_Set_A_20_You_all_are_diving-000000245.mp3
|1|ᎪᎵᎦ|I understand.|Go:lì:ga|mp3/0060-Chapter_2_2.1_2.1.4-000000345.mp3
|1|ᎪᎵᎦ|He or she understands.|Gohlga|mp3/0029-Chapter_1_1.1_Set_A_22_He-she_understands-000000455.mp3
|1|ᎠᎩᏥ|My mother.|Agiji|mp3/0031-Chapter_1_1.2_1.2.2-000000000.mp3
|1|ᏣᏥ|Your mom.|Jaji|mp3/0032-Chapter_1_1.2_1.2.3-000000465.mp3
|1|ᎤᏥ|His or her mother.|U:ji|mp3/0033-Chapter_1_1.2_1.2.4-000000275.mp3
|1|ᏒᎦᏔ ᏚᏚᎵᎭ|He or she wants apples.|Sv̌:kta dù:du:líha.|mp3/0034-Chapter_1_1.2_1.2.5-000000785.mp3
|1|ᏗᎪᏪᎵ ᏕᏥᎪᎵᏰᎠ|I am looking at the papers.|Digo:hwe:li de:jigo:lǐ:yéɂa.|mp3/0035-Chapter_1_1.2_1.2.6-000000000.mp3
|1|ᎠᎩᏲᏏᎭ|I am hungry.|À:giyó:siha|mp3/0036-Chapter_1_1.2_Set_B_01_I_am_hungry-000000000.mp3
|1|ᏣᏲᏏᎭ|You are hungry.|Jayó:siha|mp3/0037-Chapter_1_1.2_Set_B_02_You_are_hungry-000000475.mp3
|1|ᎤᏲᏏᎭ|He or she is hungry.|Ù:yó:siha|mp3/0038-Chapter_1_1.2_Set_B_03_He-she_is_hungry-000000415.mp3
|1|ᏚᏂᏲᏏᎭ|They are hungry.|Dù:niyó:siha|mp3/0039-Chapter_1_1.2_Set_B_04_They_are_hungry-000000185.mp3
|1|ᏕᎩᏂᏲᏏᎭ|You and I are hungry.|De:gíniyó:siha|mp3/0040-Chapter_1_1.2_Set_B_05_You_and_I_are_hungry-000000000.mp3
|1|ᏙᎩᏂᏲᏏᎭ|He and I or she and I are hungry.|Dò:giniyó:siha|mp3/0041-Chapter_1_1.2_Set_B_06_He-she_and_I_are_hungry-000000645.mp3
|1|ᏕᏍᏗᏲᏏᎭ|You two are hungry.|De:sdiyó:siha|mp3/0042-Chapter_1_1.2_Set_B_07_You_two_are_hungry-000000495.mp3
|1|ᏕᎩᏲᏏᎭ|All of us are hungry.|Dè:giyó:siha|mp3/0043-Chapter_1_1.2_Set_B_08_All_of_us_are_hungry-000000000.mp3
|1|ᏙᎩᏲᏏᎭ|They and I are hungry.|Dò:giyó:siha|mp3/0044-Chapter_1_1.2_Set_B_09_They_and_I_are_hungry-000000475.mp3
|1|ᏕᏥᏲᏏᎭ|You all are hungry.|Dé:jiyó:siha|mp3/0045-Chapter_1_1.2_Set_B_10_You_all_are_hungry-000000000.mp3
|1|ᎠᏆᏚᎵᎭ|I want it.|à:gwadu:líha|mp3/0046-Chapter_1_1.2_Set_B_11_I_want-000000000.mp3
|1|ᎤᏚᎵᎭ|He or she wants it.|ù:du:líha|mp3/0048-Chapter_1_1.2_Set_B_13_He-she_wants-000000455.mp3
|1|ᎤᎾᏚᎵᎭ|They want it.|ù:nadu:líha|mp3/0049-Chapter_1_1.2_Set_B_14_They_want-000000385.mp3
|1|ᎩᎾᏚᎵᎭ|You and I want it.|Ginadu:líha|mp3/0050-Chapter_1_1.2_Set_B_15_You_and_I_want-000000675.mp3
|1|ᎣᎩᎾᏚᎵᎭ|He and I or she and I want it.|Ò:ginadu:líha|mp3/0051-Chapter_1_1.2_Set_B_16_He-she_and_I_want-000000455.mp3
|1|ᏍᏓᏚᎵᎭ|You two want it.|Sdadu:líha|mp3/0052-Chapter_1_1.2_Set_B_17_You_two_want-000000505.mp3
|1|ᎣᎦᏚᎵᎭ|They and I want it.|Ò:gadu:líha|mp3/0054-Chapter_1_1.2_Set_B_19_They_and_I_want-000000675.mp3
|1|ᎢᏣᏚᎵᎭ|You all want it.|Ì:jadu:líha|mp3/0097-Chapter_2_2.4_2.4.4-000000000.mp3
|2|Ꮎ ᎠᏍᎦᏯ ᎦᏬᏂᎭ|The man is speaking.|Na asgay gawó:niha.|mp3/0056-Chapter_2_2.1_2.1.1-000000635.mp3
|2|ᏭᎸᏈᏛᎢ ᎧᏃᎩᏍᏗ ᎧᏃᎩᎠ|He or she is singing his or her favorite song.|Wù:lv̌:kwdv́:ɂi kano:gi̋:sdi káno:gí:ɂa.|mp3/0057-Chapter_2_2.1_2.1.10-000000000.mp3
|2|ᎠᎾᎵᏍᏓᏴᎲᏍᎦ|They are having a meal.|À:nalì:sdâ:yv:hv́sga.|mp3/0058-Chapter_2_2.1_2.1.2-000001355.mp3
|2|ᎤᏬᏚᏨᎢ ᏕᎧᏃᎩᎠ|He or she is singing very beautifully.|Uwodujvɂi dekáno:gí:ɂa.|mp3/0059-Chapter_2_2.1_2.1.3-000001195.mp3
|2|ᎪᎵᎦ|I understand it.|Go:lì:ga.|mp3/0124-Chapter_2_2.6_2.6.4-000000000.mp3
|2|ᎤᏅᏗ ᎦᏗᏔᏍᎦ|I am drinking milk.|U:nv̌:di gadì:tásga.|mp3/0061-Chapter_2_2.1_2.1.5-000000225.mp3
|2|Ꮎ ᎠᏍᎦᏯ ᏍᏓᏯ ᎦᏬᏂᎭ|The man is speaking loudly.|Na asgaya sda̋:y gawó:niha.|mp3/0062-Chapter_2_2.1_2.1.6-000000865.mp3
*|2|ᎢᏣᎵᏍᏓᏴᎲᏍᎦ|You all are eating a meal.|ijalisdayvhvsga|
|2|ᎢᏓᏓᏙᎵᏍᏗᎭ|We all are praying.|Ì:dada:dǒ:lî:sdiha.|mp3/0065-Chapter_2_2.1_2.1.9-000000145.mp3
|2|ᎠᏂᎩᎠ|He or she is leaving.|À:hnigíɂa|mp3/0066-Chapter_2_2.2_2.2.1-000000455.mp3
|2|ᎠᏂᎩ|He or she just left.|a:hnigi|mp3/0067-Chapter_2_2.2_2.2.1-000002355.mp3
|2|ᎭᏗᏔᏍᎦ|You are drinking it.|Hadì:tásga|mp3/0071-Chapter_2_2.2_2.2.5-000000445.mp3
|2|ᎭᏗᏔ|You just drank it.|Hadǐ:tā|mp3/0072-Chapter_2_2.2_2.2.5-000002385.mp3
|2|ᎣᏍᏓ ᏂᏕᎲᏁᎭ|You are fixing them.|Ő:sda nide:hv́:neha.|mp3/0075-Chapter_2_2.3_2.3.3-000000000.mp3
|2|ᎣᏍᏓ ᏂᏛᎦ|Fix them!|Ő:sda nitv́:gā!|mp3/0076-Chapter_2_2.3_2.3.3-000002995.mp3
|2|ᏕᎯᎦ|You just ate them.|De:higa|mp3/0078-Chapter_2_2.3_2.3.5-000000000.mp3
|2|ᏘᎦ|Eat them!|Tiga|mp3/0079-Chapter_2_2.3_2.3.5-000001915.mp3
|2|ᏕᏍᏗᏃᎩ|You two are singing.|De:sdino:gí.|mp3/0081-Chapter_2_2.3_2.3.7-000000000.mp3
|2|ᏗᏍᏗᏃᎩ|Sing, you two!|Disdihnó:gī!|mp3/0082-Chapter_2_2.3_2.3.7-000002095.mp3
|2|ᎦᏬᏂᎭ|He or she is speaking.|Gawó:niha|mp3/0711-Chapter_6_6.6_6.6.14-000000000.mp3
|2|ᎦᏬᏂᏍᎪᎢ|He or she speaks, habitually.|Gawó:ni:sgó:ɂi|mp3/0101-Chapter_2_2.5_2.5.1-000000000.mp3
|2|ᎦᏕᎶᏆᎠ|I am learning.|Gadè:lohgwáɂa|mp3/0093-Chapter_2_2.4_2.4.2-000000000.mp3
|2|ᎦᏕᎶᏆᏍᎪᎢ|I learn.|Gadehlo:hgwâ:sgó:ɂi|mp3/0094-Chapter_2_2.4_2.4.2-000002455.mp3
|2|ᎠᏂᎪᎵᏰᎠ|They are looking at it. They are reading it.|À:nigo:lǐ:yéɂa|mp3/0095-Chapter_2_2.4_2.4.3-000000000.mp3
|2|ᎠᏂᎪᎵᏰᏍᎪi|They read it. They look at it.|À:nigo:lǐ:yê:sgó:ɂi|mp3/0110-Chapter_2_2.5_2.5.3-000000000.mp3
|2|ᎢᏣᏚᎵᎭ|You all are wanting it.|Ì:jadu:líha|mp3/0097-Chapter_2_2.4_2.4.4-000000000.mp3
|2|ᎢᏣᏚᎵᏍᎪᎢ|You all want it.|Ì:jadu:lǐ:sgóɂi|mp3/0098-Chapter_2_2.4_2.4.4-000002365.mp3
|2|ᎣᏍᏛᏂᏍᏗᎭ|He and I or she and I are cooking it.|Ò:sdv:hnisdíha.|mp3/0099-Chapter_2_2.4_2.4.5-000000000.mp3
|2|ᎣᏍᏛᏂᏗᏍᎪᎢ|He and I or she and I cook it, habitually.|Ò:sdv:hnisdǐ:sgóɂi.|mp3/0100-Chapter_2_2.4_2.4.5-000002165.mp3
|2|ᎦᏬᏂᏍᎨᏍᏗ|He or she will be speaking.|Gawó:ni:sgesdi|mp3/0102-Chapter_2_2.5_2.5.1-000003445.mp3
|2|ᎦᏕᎶᏆᏍᎨᏍᏗ|I will be learning.|Gadelo:hgwâ:sgesdi|mp3/0109-Chapter_2_2.5_2.5.2-000002795.mp3
|2|ᎠᏂᎪᎵᏰᏍᎨᏍᏗ|They will be reading it.|À:nigo:lǐ:yê:sgesdi|mp3/0111-Chapter_2_2.5_2.5.3-000003065.mp3
|2|ᎢᏣᏅᏙᎢ|You all know it.|Ì:janhtó:ɂi|mp3/0112-Chapter_2_2.5_2.5.4-000000000.mp3
|2|ᎢᏣᏅᏖᏍᏗ|You all will know it.|Ì:janhté:sdi|mp3/0113-Chapter_2_2.5_2.5.4-000002245.mp3
|2|ᎣᏍᏛᏂᏍᏗᏍᎨᏍᏗ|He and I or she and I will be cooking it.|Ò:sdv:hnisdǐ:sgesdi.|mp3/0115-Chapter_2_2.5_2.5.5-000002245.mp3
|2|ᎪᎯ ᏒᎯᏰᏱ ᎣᏣᏓᏍᏓᏴᎲᏍᎨᏍᏗ|This evening, they and I will be cooking.|Kò:hi̋ sv:hiye̋:yi, ò:jada:sdâ:yv:hvsgesdi.|mp3/0116-Chapter_2_2.5_2.5.6-000000000.mp3
|2|ᎢᎬᏱᏃ ᏒᎩ ᎠᎴ ᎤᏅᎫᎯᏍᏗᏍᎩ ᏕᏥᎬᎭᎵᏍᎨᏍᏗ|First, I will be chopping up the onions and tomatoes.|Igv̌:yiɂhno, sv̀:gi ale unvgu:hǐ:sdí:sgi dejigv:halǐ:sgesdi.|mp3/0117-Chapter_2_2.5_2.5.7-000000000.mp3
*|2|ᎣᏍᏓ ᏂᎬᏁᎮᏍᏗ ᏑᎨᏓ|He or she will be fixing up the dough.|osda nigvnehesdi sugeda|
|2|ᎤᎦᎹ ᎣᏣᏛᏅᎢᏍᏗᏍᎨᏍᏗ|We will be preparing soup.|Ǔ:gáma ò:jadvnvɂisdisgesdi.|mp3/0120-Chapter_2_2.5_2.5.9-000000000.mp3
|2|ᎡᎵᏏ ᏥᏔᎦ ᎬᏣᎸᏍᎨᏍᏗ ᎠᎴ ᎡᏥ ᏓᏯᎨᏗᏍᎨᏍᏗ ᏄᎾ|Grandma will be frying the chicken and mom will be peeling the potatoes.|E:lí:si jitǎ:ga gv:jahlv́sgesdi, ale e:ji dahyahkě:tsgesdi nǔ:na.|walc-1/online-exercises-audio/Chapter_2_2.5_2.5.10-elisi jitaga gvjahlvsgesdi, ale eji dahyahketsgesdi nuna.-bespoke.wav
|2|ᏧᎾᏓᎴᏅᏓ ᏗᎦᏩᏒᎩ ᏚᏑᏴᏍᎨᏍᏗ ᎡᎵᏏ|Grandma will mix various spices into it.|Ju:nadale:hnv̋:da digawasvgi dasu:yv́:sgesdi e:lí:si.|walc-1/online-exercises-audio/Chapter_2_2.5_2.5.11-junadalehnvda digawasvgi dasuyvsgesdi elisi.-bespoke.wav
|2|ᎦᏅᏓᏗᏍᎨᏍᏗ ᏯᏆᏛᏁᏗ ᎠᏆᏓᏍᏓᏴᏗ|I will remember how to cook.|Ganvdadî:sgesdi yà:gwadvnedii à:gwada:sdàyhdi.|mp3/0107-Chapter_2_2.5_2.5.12-000000000.mp3
|2|ᎪᎯ ᏌᎾᎴ ᎤᎪᏗ ᎠᏆᎵᏍᏓᏴᏅᎢ|This morning I ate a lot.|Kò:hí Saná:le̋, Ǔ:gò:di à:gwalsdâ:yv:hnv̌:ɂi.|mp3/0133-Chapter_2_2.6_2.6_This_morning_I_ate_a_lot-000000000.mp3
|2|ᎢᎬᏱᏃ ᏒᎩ ᎠᎴ ᎤᏅᎫᎯᏍᏗᏍᎩ ᏕᏥᎬᎭᎵᏍᎨᏍᏗ|First, I will be chopping up the onions and tomatoes.|Igv̌:yiɂhno, sv̀:gi ale unvgu:hǐ:sdí:sgi dejigv:halǐ:sgesdi.|mp3/0117-Chapter_2_2.5_2.5.7-000000000.mp3
*|2|ᎣᏍᏓ ᏂᎬᏁᎮᏍᏗ ᏑᎨᏓ|He or she will be fixing up the dough.|osda nigvnehesdi sugeda|
|2|ᎤᎦᎹ ᎣᏣᏛᏅᎢᏍᏗᏍᎨᏍᏗ|We will be preparing soup.|Ǔ:gáma ò:jadvnvɂisdisgesdi.|mp3/0120-Chapter_2_2.5_2.5.9-000000000.mp3
|2|ᎦᏬᏂᎭ / ᎤᏬᏂᏒᎢ|He or she is speaking / he or she spoke.|Gawó:niha. Uwonisvɂi.|mp3/0121-Chapter_2_2.6_2.6.1-000000000.mp3
|2|ᎠᎾᏂᏍᏓᏴᎲᏍᎦ / ᎤᎾᎵᏍᏓᏭᏅᎢ|They are eating a meal / They ate a meal.|Analì:sdâ:yv:hv́sga. Ù:nalsdayvhnvɂi.|mp3/0122-Chapter_2_2.6_2.6.2-000000000.mp3
|2|ᏍᏗᎪᎵᏰᎠ / ᏍᏗᎪᎵᏰᎥᎢ|You two are reading it / You two have read it.|Sdigo:lǐ:yéɂa. Sdigoliyeɂvɂi.|mp3/0123-Chapter_2_2.6_2.6.3-000000000.mp3
|2|ᎪᎵᎦ|He or she understands it.|Go:lì:ga.|mp3/0124-Chapter_2_2.6_2.6.4-000000000.mp3
|2|ᎤᏬᎵᏨᎢ|He or she understood it.|Ù:wohljv̌:ɂi|mp3/0125-Chapter_2_2.6_2.6.4-000001585.mp3
|2|ᎯᏃᎮᎭ / ᏣᏃᎮᏢᎢ|You are talking about it / You talked about it.|Hihno:héha. Jahno:hě:hlv́:ɂi.|mp3/0126-Chapter_2_2.6_2.6.5-000000175.mp3
|2|ᏩᏯ ᎤᏲᏞᎢ ᎠᏗᏍᎬᎢ|He shot a wolf, he said.|Wahya Ù:yo:hlě:ɂi, À:dǐ:sgv̌ɂi.|mp3/0127-Chapter_2_2.6_2.6.6-000000000.mp3
*|2|ᎦᏙ ᎤᏍᏗ ᏣᏛᎦᏁᎢ|What did you hear?|gado usdi jatvganei|
|2|ᎣᏍᏓ ᏚᎾᏁᎶᏁᎢ ᏣᏗᏍᎬᎢ|She told me they played well.|Ő:sda dú:nane:lǒ:hnv́, jadǐ:sgv̌ɂi.|walc-1/online-exercises-audio/Chapter_2_2.6_2.6.8-osda dunanelohnv, jadisgvi.-bespoke.wav
|2|ᎦᎾᎦᏘᏧ ᏫᏤᏙᎴᎢ|Did you go to the doctor?|Gagáɂnaktiju wijě:dô:lě̌:ɂi?|mp3/0132-Chapter_2_2.6_2.6.9-000000375.mp3
|3.1|ᎦᏙ ᎭᏗᏍᎪ ᎯᎠ|How do you say this?|Gadò hà:dǐ:sgó hiɂa?|mp3/0134-Chapter_3_3.1_3.1.1-000000000.mp3
|3.1|ᏏᏊ ᏥᏂᎯᏫ|Say it again.|Sǐ:gwu jinihiwī.|mp3/0137-Chapter_3_3.1_3.1.3-000000255.mp3
|3.1|ᎦᏙ ᏯᏓ ...|How would you say ...|Gadò hada?|mp3/0138-Chapter_3_3.1_3.1.4-000000000.mp3
|3.1|ᎦᏣᏄᏂᎨ ᏂᏫ|Say it faster|Ga:janű:lige̋ hniwī.|mp3/0139-Chapter_3_3.1_3.1.5-000000465.mp3
|3.1|ᎦᏙ ᎤᏰᎸ ᎯᎠ|What does this mean?|Gadò ù:yelv hiɂa?|mp3/0140-Chapter_3_3.1_3.1.6-000000265.mp3
|3.1|ᎦᏙ ᎤᏍᏗ|What is it?|Gadō ű:sdi?|mp3/0204-Chapter_3_3.4_3.4.8-000000000.mp3
|3.1|ᎤᏍᎦᏃᎵᎨ ᏂᏫ|Say it slower.|U:sganő:lige̋ hniwī.|mp3/0142-Chapter_3_3.1_3.1.8-000000495.mp3
|3.1|ᏙᎩ|What, again?|Dò:gi?|mp3/0143-Chapter_3_3.1_3.1.9-000000000.mp3
|3.2|ᎣᏏᏲ|Hello|O:síyo|mp3/0144-Chapter_3_3.2_3.2.1-000000435.mp3
|3.2|ᏏᏲ|Hi|Síyo|mp3/0222-Chapter_3_3.6_3.6.1-000003265.mp3
|3.2|ᏙᎯᏧ|How are you?|Tò:hi̋:ju?|mp3/0578-Chapter_5_5.8_5.8.2-000000000.mp3
|3.2|ᎣᏏᏧ / ᎣᏏᏧ ᏂᏣᏛᎿᏕᎦ|How are you?|O:síju? O:síju nijadvhnadé:ga?|mp3/0157-Chapter_3_3.2_3.2.2-000002105.mp3
|3.2|ᎣᏍᏓ ᎾᏆᏛᎿᏕᎦ|I am doing well.|Ő:sda nà:gwadvhnadé:ga.|mp3/0160-Chapter_3_3.2_3.2.3-000000795.mp3
|3.2|ᎦᏙ ᏕᏣᏙᎠ|What is your name?|Gadò dejadó:ɂa?|mp3/0161-Chapter_3_3.2_3.2.4-000000225.mp3
|3.2|... ᏓᏆᏙᎠ|My name is ...|Dà:gwadó:ɂa.|mp3/0162-Chapter_3_3.2_3.2.5-000000575.mp3
|3.2|ᎣᏍᏓ|Good|Ő:sda|mp3/0670-Chapter_6_6.3_6.3.9-000000000.mp3
|3.2|ᎣᏏᏊ|Well or fine.|Osíwu|mp3/0164-Chapter_3_3.2_3.2.7-000000000.mp3
|3.2|ᎭᏢ ᏖᎬᎢ|Where are you from?|Ha:dlv té:gv̌ɂi?|mp3/0165-Chapter_3_3.2_3.2.8-000000205.mp3
|3.2|ᎭᏢ ᏗᏍᏕᎬᎢ|Where are you two from?|Ha:dlv disdé:gv̌ɂi?|mp3/0146-Chapter_3_3.2_3.2.10-000000000.mp3
|3.2|... ᏗᎨᎬᎢ|I am from ...|Digé:gv̌ɂi.|mp3/0213-Chapter_3_3.5_3.5.1-000024365.mp3
|3.2|ᎯᎳ ᎢᏣᏕᏘᏴᏓ|How old are you?|Hila̋ ija:de:tiyv̋:da.|mp3/0148-Chapter_3_3.2_3.2.12-000000000.mp3
|3.2|... ᎢᏯᏆᏕᏘᏴᏓ|I am ... years old.|Yagwa:de:tiyv̋:da.|mp3/0149-Chapter_3_3.2_3.2.13-000000235.mp3
|3.2|ᎭᏢ ᎯᏁᎳ|Where do you live?|Ha:dlv hině:la?|mp3/0150-Chapter_3_3.2_3.2.14-000000000.mp3
|3.2|... ᏥᏁᎳ|I live in ...|Jině:la.|mp3/0151-Chapter_3_3.2_3.2.15-000000000.mp3
|3.2|ᏙᎾᏓᏙᎲᎢ|Let's see each other again.|dò:nada:go:hv:ɂi.|mp3/0152-Chapter_3_3.2_3.2.16-000000000.mp3
|3.2|ᏙᏓᏓᎪᎲᎢ|Let's all see each other again.|dò:dada:go:hv:ɂi|mp3/0153-Chapter_3_3.2_3.2.17-000000000.mp3
|3.2|ᏔᎵᏁ ᏙᎾᏓᎪᎲᎢ|I will see you next time.|Táɂli:ne̋ dò:nada:go:hv:ɂi.|mp3/0154-Chapter_3_3.2_3.2.18-000000000.mp3
|3.2|ᎰᏩᏊ|Let it be true.|Howagwu.|mp3/0155-Chapter_3_3.2_3.2.19-000000000.mp3
|3.2|ᎰᏩ|True|Howa|mp3/0158-Chapter_3_3.2_3.2.20-000000195.mp3
|3.2|ᎭᏩ|Okay|Hawa|mp3/0159-Chapter_3_3.2_3.2.21-000000185.mp3
|3.3|ᎦᏙ ᎤᏍᏗ ᎢᏗᏃᎮᎭ ᎪᎯ ᎢᎦ|What are we talking about today?|Gadō u:sdi ì:dino:hé kò:hi i:ga?|mp3/0167-Chapter_3_3.3_3.3.1-000000000.mp3
|3.3|ᎠᏎ ᎪᎱᏍᏗ ᎬᏯᏛᏘᏗ|I have to ask you something.|A:se go:hű:sdi gv:yatv̌:tdi|mp3/0175-Chapter_3_3.3_3.3.2-000000000.mp3
|3.3|ᎡᎵᏊᏧ ᏱᎬᏯᏛᏛᎲᎦ|Can I ask you?|E:li̋:gwus yigv:yà:tv:dv:hv̀:ga?|mp3/0176-Chapter_3_3.3_3.3.3-000000000.mp3
|3.3|ᏍᏇᏲᎲᎦ|Teach me it.|Sgwé:hyo:hv̀:ga|mp3/0178-Chapter_3_3.3_3.3.5-000000000.mp3
|3.3|ᏗᏍᏇᏲᎲᎦ|Teach me them|Disgwé:hyo:hv̀:gā|mp3/0179-Chapter_3_3.3_3.3.5-000002695.mp3
|3.3|ᎦᏙ ᎤᏍᏗ ᎠᏕᎶᏆᏍᏗ ᎪᎯ ᎢᎦ|What is the lesson today?|Gadō ű:sdi à:de:hlohgwà:sdi kò:hi̋ iga?|mp3/0180-Chapter_3_3.3_3.3.6-000000475.mp3
|3.3|ᎰᎵᎩᏧ|Did you understand?|Hohlgiju?|mp3/0182-Chapter_3_3.3_3.3.8-000000165.mp3
|3.3|ᎯᎠ ᎢᏥᎪᎵᏯ|Read this, all of you.|Hiɂa ì:jigo:lǐ:yā.|mp3/0168-Chapter_3_3.3_3.3.10-000000000.mp3
|3.3|ᎦᏙ ᎤᏍᏗ ᎠᏗ ᎯᎠ|What does this say?|Gadō u:sdi adi hiɂa?|mp3/0169-Chapter_3_3.3_3.3.11-000000000.mp3
*|3.3|ᎣᏍᏓ ᎿᏛᎦ|You did well.|osda hnadvga|
|3.3|ᎣᏍᏓ ᏂᏣᏛᎦ|You all did well.|Ő:sda nijadv̀:gā.|mp3/0171-Chapter_3_3.3_3.3.13-000000385.mp3
|3.3|ᎠᎯᏓᏧ ᎪᏟᏍᏗ|Is it easy to understand?|Ahi̋:daju go:hlísdi?|mp3/0172-Chapter_3_3.3_3.3.14-000000000.mp3
|3.3|ᎢᏦᎵᎦᏧ|Do you all understand?|Ì:johlgaɂju?|mp3/0173-Chapter_3_3.3_3.3.15-000000000.mp3
|3.3|ᎦᏙ ᎤᏍᏗ ᎢᏣᏅᏔ|What do you all know?|Gadō u:sdi ì:janhta?|mp3/0174-Chapter_3_3.3_3.3.16-000000165.mp3
|3.4|ᏂᎯᎾ|And you?|Nihinà?|mp3/0184-Chapter_3_3.4_3.4.1-000000000.mp3
|3.4|ᏂᎯᎾᎲ|How about you?|Nihina:hv́?|mp3/0195-Chapter_3_3.4_3.4.2-000000665.mp3
|3.4|ᎦᏬᏂᏍᎪᎲ|But is he speaking?|Gawó:ni:sgó:hv́?|mp3/0199-Chapter_3_3.4_3.4.3-000000000.mp3
|3.4|ᎠᎦᏍᎦᏧ|Well, is it raining?|À:ga:sgajú?|mp3/0200-Chapter_3_3.4_3.4.4-000000485.mp3
|3.4|ᎧᏫᏍ ᏣᏚᎵᎭ|Do you want coffee?|Kǎ:hwi jadu:líɂa?|mp3/0201-Chapter_3_3.4_3.4.5-000000515.mp3
|3.4|ᎦᏬᏂᎭᏧ ᏕᎧᏃᎩᎠᎨ|Is he speaking or singing?|Gawó:nihaju, De:káno:gí:ɂke?|mp3/0202-Chapter_3_3.4_3.4.6-000000000.mp3
|3.4|ᎦᏙ|What?|Gadò?|mp3/0203-Chapter_3_3.4_3.4.7-000000245.mp3
|3.4|ᎦᏙ ᎤᏍᏗ|What is it?|Gadō ű:sdi?|mp3/0204-Chapter_3_3.4_3.4.8-000000000.mp3
|3.4|ᎦᎪ|Who?|Gá:gō?|mp3/0205-Chapter_3_3.4_3.4.9-000000000.mp3
|3.4|ᎦᎪ ᎤᏅᏔ|Who knows it?|Gá:gō unhta?|mp3/0188-Chapter_3_3.4_3.4.13-000000000.mp3
|3.4|ᎭᏢ|Where?|Ha:dlv?|mp3/0861-Chapter_7_7.4_7.4.10-000000000.mp3
|3.4|ᎯᎳᎢᏴ|When?|Hila iyv̋?|mp3/0186-Chapter_3_3.4_3.4.11-000000135.mp3
|3.4|ᎦᏙ ᎦᎵᏍᏔᏅᏍᎦ|What is happening?|Gadō gà:lsta:nv̌sga?|mp3/0187-Chapter_3_3.4_3.4.12-000000000.mp3
|3.4|ᎦᎪ ᎤᏅᏔ|Who knows it?|Gá:gō unhta?|mp3/0188-Chapter_3_3.4_3.4.13-000000000.mp3
|3.4|ᎦᎪ ᏍᏓᎵᏃᎮᎭ|Who are you talking to?|Gá:gō sdà:hlino:hé:ha?|mp3/0189-Chapter_3_3.4_3.4.14-000000000.mp3
|3.4|ᎦᏙ ᎤᏍᏗ ᏣᏚᎵᎭ|What do you want?|Gadō u:sdi jadu:líha?|mp3/0190-Chapter_3_3.4_3.4.15-000000185.mp3
|3.4|ᎦᏙ ᎤᏍᏗ ᏕᏣᎦᏎᏍᏗ|What are you studying?|Gadō u:sdi de:jaksesdi?|mp3/0191-Chapter_3_3.4_3.4.16-000000000.mp3
|3.4|ᎯᎳᏴ ᏫᎬᏩᏛᎯᏓᏍᏗ ᏣᏚᎵᎭ|When do you want me to come and visit you|Hilâ:yv̋ wigvwahtv:hǐ:dâ:sdi jadu:líɂa?|mp3/0192-Chapter_3_3.4_3.4.17-000000345.mp3
|3.4|ᎦᏙ ᎠᏛᏁᎭ|What is he or she doing?|Gadò À:dv́:neha?|mp3/0193-Chapter_3_3.4_3.4.18-000000195.mp3
|3.4|ᎦᏙ ᎠᏗᎭ|What is he or she saying?|Gadò À:diha?|mp3/0194-Chapter_3_3.4_3.4.19-000000355.mp3
|3.4|ᎭᏢ ᎮᎦ|Where are you going?|Ha:dlv hé:ga?|mp3/0862-Chapter_7_7.4_7.4.11-000000155.mp3
|3.4|ᎭᏢ ᏓᎾᏕᎶᏆᎠ|Where are they learning?|Ha:dlv da:nadè:lohgwáɂa?|mp3/0197-Chapter_3_3.4_3.4.21-000000000.mp3
|3.4|ᎭᏢ ᏕᏣᎸᏫᏍᏓᏁᎭ|Where are you working?|Ha:dlv dejalv̌:hwísdà:neha?|mp3/0198-Chapter_3_3.4_3.4.22-000000000.mp3
|3.5|ᎣᏏᏲ ᏣᎳᎩ ᎬᏗ ᎺᎵ ᏓᏆᏙᎠ|Hello, my name is Mary in Cherokee.|O:síyo, jalagi Gv̋:hdi Mè:li Dà:gwadó:ɂa,|walc-1/online-exercises-audio/Chapter_3_3.5_3.5.1-osiyo, jalagi gvhdi meli dagwadoa,-bespoke.wav
|3.5|ᏓᏆᏙ|My name is|Dà:gwadó|mp3/0209-Chapter_3_3.5_3.5.1-000008185.mp3
*|3.5|ᎣᎦᎳᎰᎹ ᏗᎨᎬᎢ|I am from Oklahoma.|Oklahoma Digé:gv̌ɂi.|
|3.5|ᏕᎦᏕᎶᏆᎣᏅᎢ|When I finished learning...|Degade:hlohgwáɂohnv̌:ɂi|mp3/0218-Chapter_3_3.5_3.5.2-000000465.mp3
|3.5|ᏗᏣᎳᎩ|The written Cherokee language|Dijalagi|mp3/0219-Chapter_3_3.5_3.5.3-000000000.mp3
|3.5|ᎠᎴᏍᏊ|and also|Alesgwu|mp3/0220-Chapter_3_3.5_3.5.4-000000395.mp3
|3.6|ᎤᏠᏱᏊ|Just the same.|U:hlő:yigwu.|mp3/0224-Chapter_3_3.6_3.6.11-000000000.mp3
|3.6|ᏂᎾᏃ|And you?|Nihihnò|mp3/0225-Chapter_3_3.6_3.6.12-000000000.mp3
|3.6|ᏓᎵᏆ|Tahlequah(Oklahoma)|Dalígwa|mp3/1107-Chapter_8_8.5_8.5.6-000000000.mp3
|3.6|ᏜᏱᎪ|Jay(Oklahoma)|Dlaygó:ɂi|mp3/0227-Chapter_3_3.6_3.6.14-000000000.mp3
|3.6|ᎣᏍᏓ ᏥᏕᎾᏙᎵᎩ|It is nice to know you.|Ő:sda jidenádò:hlgi|mp3/0228-Chapter_3_3.6_3.6.15-000000000.mp3
|4.1|ᏌᏊ|One|Sà:gwű.|mp3/0239-Chapter_4_4.1_4.1.1-000000175.mp3
*|4.1|ᏔᎵ|Two|Ta'li|
*|4.1|ᏦᎢ|Three|Jo'i|
|4.1|ᏅᎩ|Four|Nvhgi|mp3/0269-Chapter_4_4.1_4.1.4-000000000.mp3
|4.1|ᎯᏍᎩ|Five|Hisgi|mp3/0270-Chapter_4_4.1_4.1.5-000000000.mp3
|4.1|ᏑᏓᎵ|Six|Sǔ:dáli|mp3/0271-Chapter_4_4.1_4.1.6-000000445.mp3
|4.1|ᎦᎵᏉᎩ|Seven|gahlgwǒ:gi|mp3/0272-Chapter_4_4.1_4.1.7-000000000.mp3
|4.1|ᏣᏁᎳ|Eight|chaně:la|mp3/0273-Chapter_4_4.1_4.1.8-000000165.mp3
|4.1|ᏐᏁᎳ|Nine|sóhně:la|mp3/0274-Chapter_4_4.1_4.1.9-000000145.mp3
|4.1|ᏍᎪᎯ|Ten|Sgǒ:hi|mp3/0304-Chapter_4_4.3_4.3.15-000005165.mp3
*|4.1|ᏌᏚ|Eleven|Sa'du|
|4.1|ᏔᎵᏚ|Twelve|taɂldu|mp3/0242-Chapter_4_4.1_4.1.12-000000325.mp3
|4.1|ᏦᎦᏚ|Thirteen|joɂga:ɂdu|mp3/0243-Chapter_4_4.1_4.1.13-000000000.mp3
|4.1|ᏂᎦᏚ|Fourteen|niga:ɂdu|mp3/0244-Chapter_4_4.1_4.1.14-000000000.mp3
|4.1|ᏍᎩᎦᏚ|Fifteen|sgiga:ɂdu|mp3/0245-Chapter_4_4.1_4.1.15-000000275.mp3
|4.1|ᏓᎳᏚ|Sixteen|da:la:du|mp3/0246-Chapter_4_4.1_4.1.16-000000195.mp3
|4.1|ᎦᎵᏆᏚ|Seventeen|gahlgwǎ:du|mp3/0247-Chapter_4_4.1_4.1.17-000000000.mp3
*|4.1|ᏁᎳᏚ|Eighteen|Neladu|
|4.1|ᏐᏁᎳᏚ|Nineteen|sóhněla:du|mp3/0248-Chapter_4_4.1_4.1.19-000000000.mp3
|4.1|ᏔᎵᏍᎪᎯ|Twenty|táɂlsgǒ:hi|mp3/0250-Chapter_4_4.1_4.1.20-000000000.mp3
|4.1|ᏔᎵᏍᎪᎯ ᏌᏊ|Twenty one|táɂlsgǒ:hi Sà:gwű|mp3/0251-Chapter_4_4.1_4.1.21-000000000.mp3
|4.1|ᏔᎵᏍᎪᎯ Ꮤ'Ꮅ|Twenty two|táɂlsgǒ:hi Táɂli|mp3/0252-Chapter_4_4.1_4.1.22-000000000.mp3
|4.1|ᏔᎵᏍᎪᎯ Ꮶ'Ꭲ|Twenty three|táɂlsgǒ:hi joɂi|mp3/0253-Chapter_4_4.1_4.1.23-000000000.mp3
|4.1|ᏔᎵᏍᎪᎯ ᏅᎩ|Twenty four|táɂlsgǒ:hi nvhgi|mp3/0254-Chapter_4_4.1_4.1.24-000000000.mp3
|4.1|ᏔᎵᏍᎪᎯ ᎯᏍᎩ|Twenty five|táɂlsgǒ:hi hisgi|mp3/0255-Chapter_4_4.1_4.1.25-000000000.mp3
|4.1|ᏔᎵᏍᎪᎯ ᏑᏓᎵ|Twenty six|táɂlsgǒ:hi Sǔ:dáli|mp3/0256-Chapter_4_4.1_4.1.26-000000285.mp3
|4.1|ᏔᎵᏍᎪᎯ ᎦᎵᏉᎩ|Twenty seven|táɂlsgǒ:hi gahlgwǒ:gi|mp3/0257-Chapter_4_4.1_4.1.27-000000205.mp3
|4.1|ᏔᎵᏍᎪᎯ ᏣᏁᎳ|Twenty eight|táɂlsgǒ:hi chaně:la|mp3/0258-Chapter_4_4.1_4.1.28-000000000.mp3
|4.1|ᏔᎵᏍᎪᎯ ᏐᏁᎳ|Twenty nine|táɂlsgǒ:hi sóhně:la|mp3/0259-Chapter_4_4.1_4.1.29-000000000.mp3
|4.1|ᏦᏍᎪᎯ|Thirty|joɂsgǒ:hi|mp3/0261-Chapter_4_4.1_4.1.30-000000315.mp3
*|4.1|ᏅᎩᏍᎪᎯ|Forty|Nvhgsgohi|
|4.1|ᎯᎩᏍᎪᎯ|Fifty|hiksgǒ:hi|mp3/0263-Chapter_4_4.1_4.1.32-000000000.mp3
|4.1|ᏑᏓᎵᏍᎪᎯ|Sixty|sǔ:dálsgǒ:hi|mp3/0264-Chapter_4_4.1_4.1.33-000000000.mp3
|4.1|ᎦᎵᏆᏍᎪᎯ|Seventy|gahlgwǎ:sgǒ:hi|mp3/0265-Chapter_4_4.1_4.1.34-000000000.mp3
|4.1|ᏁᎳᎪᎯ|Eighty|nélsgǒ:hi|mp3/0266-Chapter_4_4.1_4.1.35-000000135.mp3
|4.1|ᏐᏁᎳᏍᎪᎯ|Ninety|sóhnélsgǒ:hi|mp3/0267-Chapter_4_4.1_4.1.36-000000755.mp3
|4.1|ᏍᎪᎯᏥᏆ|One Hundred|sgǒ:hítsgwa|mp3/0268-Chapter_4_4.1_4.1.37-000000885.mp3
*|4.2|ᎢᎬᏱ|First|Igvyi|
|4.2|ᏔᎵᏁ|Second|Táɂline̋|mp3/0286-Chapter_4_4.2_4.2.2-000000000.mp3
|4.2|ᏦᎢᏁ|Third|Joɂine̋|mp3/0290-Chapter_4_4.2_4.2.3-000000000.mp3
|4.2|ᏅᎩᏁ|Fourth|nvhgine̋|mp3/0291-Chapter_4_4.2_4.2.4-000000195.mp3
|4.2|ᎯᏍᎩᏁ|Fifth|hisgine̋|mp3/0292-Chapter_4_4.2_4.2.5-000000000.mp3
|4.2|ᏑᏓᎵᏁ|Sixth|sǔ:dáline̋|mp3/0293-Chapter_4_4.2_4.2.6-000000175.mp3
|4.2|ᎦᎵᏉᎩᏁ|Seventh|gahlgwǒ:gine̋|mp3/0294-Chapter_4_4.2_4.2.7-000000000.mp3
|4.2|ᏣᏁᎵᏁ|Eight|chaně:line̋|mp3/0295-Chapter_4_4.2_4.2.8-000000255.mp3
|4.2|ᏐᏁᎵᏁ|Nineth|sóhně:line̋|mp3/0296-Chapter_4_4.2_4.2.9-000000205.mp3
*|4.2|ᏍᎪᎯᏁ|Tenth|Sgohi'ne|
|4.2|ᏌᏚᏏᏁ|Eleventh|sa:ɂdusi:ne̋|mp3/0277-Chapter_4_4.2_4.2.11-000000135.mp3
|4.2|ᏔᎵᏚᏏᏁ|Twelfth|taɂldusi:ne̋|mp3/0278-Chapter_4_4.2_4.2.12-000000285.mp3
|4.2|ᏦᎦᏚᏏᏁ|Thirteenth|joɂga:ɂdusi:ne̋|mp3/0279-Chapter_4_4.2_4.2.13-000000000.mp3
|4.2|ᏂᎦᏚᏏᏁ|Fourteenth|niga:ɂdusi:ne̋|mp3/0280-Chapter_4_4.2_4.2.14-000000000.mp3
|4.2|ᏍᎩᎦᏚᏏᏁ|Fifteenth|sgiga:ɂdusi:ne̋|mp3/0281-Chapter_4_4.2_4.2.15-000000000.mp3
|4.2|ᏓᎳᏚᏏᏁ|Sixteenth|da:la:dusi:ne̋|mp3/0282-Chapter_4_4.2_4.2.16-000000000.mp3
|4.2|ᎦᎵᏆᏚᏏᏁ|Seventeenth|gahlgwǎ:dusi:ne̋|mp3/0283-Chapter_4_4.2_4.2.17-000000295.mp3
|4.2|ᏁᎳᏚᏏᏁ|Eighteenth|ně:la:dusi:ne̋|mp3/0284-Chapter_4_4.2_4.2.18-000000000.mp3
|4.2|ᏐᏁᎳᏚᏏᏁ|Nineteenth|sóhněla:dusi:ne̋|mp3/0285-Chapter_4_4.2_4.2.19-000000000.mp3
|4.2|ᏔᏍᎪᎯᏁ|Twentieth|táɂlsgǒ:hi|mp3/0250-Chapter_4_4.1_4.1.20-000000000.mp3
|4.2|ᏔᏍᎪ ᏌᏊᎯᏁ|Twenty-first|táɂlsgǒ:hi Sà:gwú:hi:ne̋:ɂi|mp3/0288-Chapter_4_4.2_4.2.21-000000000.mp3
*|4.2|ᏦᏍᎪᎯᏁ|Thirtieth|Jo'sgohi'ne|
|4.3|ᎯᎳ ᎠᏟᎢᎵᏒ?|At what time?|hila̋ àhlíɂilǐsv?|mp3/0297-Chapter_4_4.3_4.3.1-000000000.mp3
|4.3|ᎯᎳ ᎢᏳᏩᏂᎸ?|What time is it? (what hour is it)|Hila̋ Iyúwa:hnilv̋?|mp3/0308-Chapter_4_4.3_4.3.2-000000000.mp3
|4.3|ᎯᎳ ᎠᏟᎢᎵ?|What time is it?|Hila̋ àhlíɂili?|mp3/0309-Chapter_4_4.3_4.3.3-000000000.mp3
|4.3|ᎯᎳᏴ ᏖᏏ?|When are you going?|Hilâ:yv̋ tè:si?|mp3/0787-Chapter_7_7.1_7.1.2-000000205.mp3
|4.3|ᏣᏁᎳ ᎢᏳᏩᏂᎸ|It is 8:00 (hour)|chaně:la Iyúwa:hnilv̋.|mp3/0311-Chapter_4_4.3_4.3.5-000000215.mp3
|4.3|ᏣᏁᎳ ᎠᏟᎢᎵ.|It is 8:00 (time)|chaně:la àhlíɂili.|mp3/0312-Chapter_4_4.3_4.3.6-000000175.mp3
|4.3|ᏑᏟᎶᏓ|1 Hour|Sú:hli:lő:da|mp3/0313-Chapter_4_4.3_4.3.7-000000000.mp3
|4.3|ᎢᏧᏟᎶᏓ|Hours|Sú:hli:lő:da|mp3/0313-Chapter_4_4.3_4.3.7-000000000.mp3
